-- phpMyAdmin SQL Dump
-- version 4.9.0.1
-- https://www.phpmyadmin.net/
--
-- Host: 127.0.0.1
-- Waktu pembuatan: 08 Jun 2020 pada 11.35
-- Versi server: 10.4.6-MariaDB
-- Versi PHP: 7.3.8

SET SQL_MODE = "NO_AUTO_VALUE_ON_ZERO";
SET AUTOCOMMIT = 0;
START TRANSACTION;
SET time_zone = "+00:00";


/*!40101 SET @OLD_CHARACTER_SET_CLIENT=@@CHARACTER_SET_CLIENT */;
/*!40101 SET @OLD_CHARACTER_SET_RESULTS=@@CHARACTER_SET_RESULTS */;
/*!40101 SET @OLD_COLLATION_CONNECTION=@@COLLATION_CONNECTION */;
/*!40101 SET NAMES utf8mb4 */;

--
-- Database: `ais-laundry`
--

-- --------------------------------------------------------

--
-- Struktur dari tabel `akun`
--

CREATE TABLE `akun` (
  `id` bigint(20) UNSIGNED NOT NULL,
  `no_akun` int(11) NOT NULL,
  `nm_akun` varchar(100) COLLATE utf8mb4_unicode_ci NOT NULL,
  `kode_golongan` varchar(5) COLLATE utf8mb4_unicode_ci NOT NULL,
  `saldo_normal` int(11) DEFAULT NULL,
  `created_at` timestamp NULL DEFAULT NULL,
  `updated_at` timestamp NULL DEFAULT NULL
) ENGINE=InnoDB DEFAULT CHARSET=utf8mb4 COLLATE=utf8mb4_unicode_ci;

--
-- Dumping data untuk tabel `akun`
--

INSERT INTO `akun` (`id`, `no_akun`, `nm_akun`, `kode_golongan`, `saldo_normal`, `created_at`, `updated_at`) VALUES
(5, 111, 'Kas', 'GA1', 1, '2019-12-24 08:32:38', '2019-12-24 08:32:38'),
(6, 112, 'Bank', 'GA1', 1, '2019-12-24 08:32:49', '2019-12-24 08:32:49'),
(7, 211, 'Utang Usaha', 'GA2', 2, '2019-12-24 08:33:12', '2020-01-01 18:21:18'),
(8, 113, 'Piutang Usaha', 'GA1', 1, '2019-12-24 08:33:22', '2019-12-24 08:33:22'),
(9, 212, 'Utang Gaji', 'GA2', 2, '2019-12-24 08:33:57', '2020-01-01 18:22:14'),
(10, 311, 'Modal Pemilik', 'GA3', 2, '2019-12-24 08:37:43', '2019-12-24 08:37:43'),
(11, 114, 'Perlengkapan Laundry', 'GA1', 1, '2019-12-31 04:44:47', '2019-12-31 04:44:47'),
(12, 115, 'Peralatan Laundry', 'GA1', 1, '2020-01-01 18:07:51', '2020-01-01 18:07:51'),
(13, 116, 'Akumulasi Penyusutan Peralatan Laundry', 'GA1', 1, '2020-01-01 18:09:30', '2020-01-01 18:09:30'),
(14, 117, 'Kendaraan', 'GA1', 1, '2020-01-01 18:09:44', '2020-01-01 18:09:44'),
(15, 118, 'Akumulasi Penyusustan Kendaraan', 'GA1', 1, '2020-01-01 18:10:01', '2020-01-01 18:10:01'),
(16, 119, 'Gedung', 'GA1', 1, '2020-01-01 18:11:17', '2020-01-01 18:11:17'),
(17, 120, 'Akumulasi Penyusutan Gedung', 'GA1', 1, '2020-01-01 18:11:29', '2020-01-01 18:11:29'),
(18, 213, 'Utang Iklan', 'GA2', 2, '2020-01-01 18:11:58', '2020-01-01 18:22:19'),
(19, 214, 'Utang Bank', 'GA2', 2, '2020-01-01 18:12:06', '2020-01-01 18:22:25'),
(20, 215, 'Utang Bunga', 'GA2', 2, '2020-01-01 18:12:14', '2020-01-01 18:22:34'),
(21, 312, 'Prive', 'GA3', 2, '2020-01-01 18:12:27', '2020-01-01 18:21:59'),
(22, 411, 'Pendapatan Jasa Laundry', 'GA4', 2, '2020-01-01 18:12:51', '2020-01-01 18:21:44'),
(23, 412, 'Pendapatan Lain - Lain', 'GA4', 2, '2020-01-01 18:13:44', '2020-01-01 18:21:33'),
(24, 511, 'Beban Gaji', 'GA5', 1, '2020-01-01 18:14:01', '2020-01-01 18:16:14'),
(25, 512, 'Beban Air', 'GA5', 1, '2020-01-01 18:14:07', '2020-01-01 18:16:07'),
(26, 513, 'Beban Listrik', 'GA5', 1, '2020-01-01 18:14:16', '2020-01-01 18:16:00'),
(27, 514, 'Beban Telepon', 'GA5', 1, '2020-01-01 18:18:07', '2020-01-01 18:18:07'),
(28, 515, 'Beban Iklan', 'GA5', 1, '2020-01-01 18:18:22', '2020-01-01 18:18:22'),
(29, 516, 'Beban Bunga', 'GA5', 1, '2020-01-01 18:18:33', '2020-01-01 18:18:33'),
(30, 517, 'Beban Perlengkapan Laundry', 'GA5', 1, '2020-01-01 18:18:44', '2020-01-01 18:18:44'),
(31, 518, 'Beban Penyusutan Peralatan Laundry', 'GA5', 1, '2020-01-01 18:18:57', '2020-01-01 18:18:57'),
(32, 519, 'Beban Penyusutan Kendaraan', 'GA5', 1, '2020-01-01 18:19:07', '2020-01-01 18:19:07'),
(33, 520, 'Beban Penyusutan Gedung', 'GA5', 1, '2020-01-01 18:19:20', '2020-01-01 18:19:20'),
(34, 521, 'Beban Macam-Macam', 'GA5', 1, '2020-01-01 18:19:31', '2020-01-01 18:19:31'),
(35, 611, 'Akun Asal', 'GA6', 1, '2020-01-09 19:18:21', '2020-01-09 19:18:21');

-- --------------------------------------------------------

--
-- Struktur dari tabel `akun_jurnal_penyesuaian`
--

CREATE TABLE `akun_jurnal_penyesuaian` (
  `id` bigint(20) NOT NULL,
  `kode_jurnal_penyesuaian` varchar(5) COLLATE utf8mb4_unicode_ci NOT NULL,
  `id_transaksi` varchar(5) COLLATE utf8mb4_unicode_ci DEFAULT NULL,
  `no_akun` int(11) NOT NULL,
  `tgl_jurnal` date NOT NULL,
  `debit` int(11) NOT NULL,
  `kredit` int(11) NOT NULL,
  `created_at` timestamp NULL DEFAULT NULL,
  `updated_at` timestamp NULL DEFAULT NULL
) ENGINE=InnoDB DEFAULT CHARSET=utf8mb4 COLLATE=utf8mb4_unicode_ci;

--
-- Dumping data untuk tabel `akun_jurnal_penyesuaian`
--

INSERT INTO `akun_jurnal_penyesuaian` (`id`, `kode_jurnal_penyesuaian`, `id_transaksi`, `no_akun`, `tgl_jurnal`, `debit`, `kredit`, `created_at`, `updated_at`) VALUES
(42, 'JP1', '24', 114, '2020-01-06', 0, 1600000, '2020-01-05 22:39:27', '2020-01-05 22:39:27'),
(43, 'JP1', '24', 517, '2020-01-06', 1600000, 0, '2020-01-05 22:39:27', '2020-01-05 22:39:27'),
(46, 'JP2', '35', 517, '2020-01-06', 1775000, 0, '2020-01-06 06:55:05', '2020-01-06 06:55:05'),
(47, 'JP2', '35', 114, '2020-01-06', 0, 1775000, '2020-01-06 06:55:05', '2020-01-06 06:55:05'),
(50, 'JP3', '46', 517, '2020-01-09', 2205000, 0, '2020-01-09 10:15:39', '2020-01-09 10:15:39'),
(51, 'JP3', '46', 114, '2020-01-09', 0, 2205000, '2020-01-09 10:15:39', '2020-01-09 10:15:39');

-- --------------------------------------------------------

--
-- Struktur dari tabel `akun_jurnal_umum`
--

CREATE TABLE `akun_jurnal_umum` (
  `id` bigint(20) NOT NULL,
  `kode_jurnal` varchar(5) COLLATE utf8mb4_unicode_ci NOT NULL,
  `id_transaksi` varchar(5) COLLATE utf8mb4_unicode_ci DEFAULT NULL,
  `no_akun` int(11) NOT NULL,
  `tgl_jurnal` date NOT NULL,
  `debit` int(11) NOT NULL,
  `kredit` int(11) NOT NULL,
  `created_at` timestamp NULL DEFAULT NULL,
  `updated_at` timestamp NULL DEFAULT NULL
) ENGINE=InnoDB DEFAULT CHARSET=utf8mb4 COLLATE=utf8mb4_unicode_ci;

--
-- Dumping data untuk tabel `akun_jurnal_umum`
--

INSERT INTO `akun_jurnal_umum` (`id`, `kode_jurnal`, `id_transaksi`, `no_akun`, `tgl_jurnal`, `debit`, `kredit`, `created_at`, `updated_at`) VALUES
(88, 'JU1', '14', 111, '2020-01-06', 700000, 0, '2020-01-05 19:37:56', '2020-01-05 19:37:56'),
(89, 'JU1', '14', 411, '2020-01-06', 0, 700000, '2020-01-05 19:37:57', '2020-01-05 19:37:57'),
(90, 'JU1', '15', 114, '2020-01-06', 400000, 0, '2020-01-05 19:37:57', '2020-01-05 19:37:57'),
(91, 'JU1', '15', 111, '2020-01-06', 0, 400000, '2020-01-05 19:37:57', '2020-01-05 19:37:57'),
(92, 'JU1', '18', 111, '2020-01-06', 5000000, 0, '2020-01-05 19:37:57', '2020-01-05 19:37:57'),
(93, 'JU1', '18', 114, '2020-01-06', 1500000, 0, '2020-01-05 19:37:57', '2020-01-05 19:37:57'),
(94, 'JU1', '18', 115, '2020-01-06', 3500000, 0, '2020-01-05 19:37:57', '2020-01-05 19:37:57'),
(95, 'JU1', '18', 117, '2020-01-06', 12500000, 0, '2020-01-05 19:37:57', '2020-01-05 19:37:57'),
(96, 'JU1', '18', 311, '2020-01-06', 0, 22500000, '2020-01-05 19:37:57', '2020-01-05 19:37:57'),
(99, 'JU2', '16', 115, '2020-01-06', 1000000, 0, '2020-01-06 05:32:38', '2020-01-06 05:32:38'),
(100, 'JU2', '16', 111, '2020-01-06', 0, 500000, '2020-01-06 05:32:38', '2020-01-06 05:32:38'),
(101, 'JU2', '16', 211, '2020-01-06', 0, 500000, '2020-01-06 05:32:38', '2020-01-06 05:32:38'),
(102, 'JU2', '17', 111, '2020-01-06', 1000000, 0, '2020-01-06 05:32:38', '2020-01-06 05:32:38'),
(103, 'JU2', '17', 411, '2020-01-06', 0, 1000000, '2020-01-06 05:32:38', '2020-01-06 05:32:38'),
(104, 'JU2', '19', 513, '2020-01-06', 250000, 0, '2020-01-06 05:32:38', '2020-01-06 05:32:38'),
(105, 'JU2', '19', 514, '2020-01-06', 70000, 0, '2020-01-06 05:32:38', '2020-01-06 05:32:38'),
(106, 'JU2', '19', 512, '2020-01-06', 195000, 0, '2020-01-06 05:32:38', '2020-01-06 05:32:38'),
(107, 'JU2', '19', 111, '2020-01-06', 0, 515000, '2020-01-06 05:32:38', '2020-01-06 05:32:38'),
(108, 'JU2', '20', 521, '2020-01-06', 350000, 0, '2020-01-06 05:32:38', '2020-01-06 05:32:38'),
(109, 'JU2', '20', 111, '2020-01-06', 0, 350000, '2020-01-06 05:32:38', '2020-01-06 05:32:38'),
(110, 'JU2', '21', 515, '2020-01-06', 1000000, 0, '2020-01-06 05:32:38', '2020-01-06 05:32:38'),
(111, 'JU2', '21', 111, '2020-01-06', 0, 1000000, '2020-01-06 05:32:38', '2020-01-06 05:32:38'),
(112, 'JU2', '22', 312, '2020-01-06', 300000, 0, '2020-01-06 05:32:38', '2020-01-06 05:32:38'),
(113, 'JU2', '22', 111, '2020-01-06', 0, 300000, '2020-01-06 05:32:38', '2020-01-06 05:32:38'),
(114, 'JU2', '23', 511, '2020-01-06', 800000, 0, '2020-01-06 05:32:38', '2020-01-06 05:32:38'),
(115, 'JU2', '23', 111, '2020-01-06', 0, 800000, '2020-01-06 05:32:38', '2020-01-06 05:32:38'),
(116, 'JU3', '25', 114, '2020-01-06', 1700000, 0, '2020-01-06 06:51:53', '2020-01-06 06:51:53'),
(117, 'JU3', '25', 115, '2020-01-06', 3700000, 0, '2020-01-06 06:51:54', '2020-01-06 06:51:54'),
(118, 'JU3', '25', 111, '2020-01-06', 5850000, 0, '2020-01-06 06:51:54', '2020-01-06 06:51:54'),
(119, 'JU3', '25', 311, '2020-01-06', 0, 11250000, '2020-01-06 06:51:54', '2020-01-06 06:51:54'),
(120, 'JU3', '26', 111, '2020-01-06', 1200000, 0, '2020-01-06 06:51:54', '2020-01-06 06:51:54'),
(121, 'JU3', '26', 411, '2020-01-06', 0, 1200000, '2020-01-06 06:51:54', '2020-01-06 06:51:54'),
(122, 'JU4', '27', 115, '2020-01-07', 700000, 0, '2020-01-06 20:24:25', '2020-01-06 20:24:25'),
(123, 'JU4', '27', 111, '2020-01-07', 0, 350000, '2020-01-06 20:24:25', '2020-01-06 20:24:25'),
(124, 'JU4', '27', 211, '2020-01-07', 0, 350000, '2020-01-06 20:24:25', '2020-01-06 20:24:25'),
(125, 'JU4', '28', 114, '2020-01-07', 325000, 0, '2020-01-06 20:24:25', '2020-01-06 20:24:25'),
(126, 'JU4', '28', 111, '2020-01-07', 0, 325000, '2020-01-06 20:24:25', '2020-01-06 20:24:25'),
(127, 'JU4', '29', 111, '2020-01-07', 800000, 0, '2020-01-06 20:24:25', '2020-01-06 20:24:25'),
(128, 'JU4', '29', 411, '2020-01-07', 0, 800000, '2020-01-06 20:24:25', '2020-01-06 20:24:25'),
(129, 'JU4', '30', 312, '2020-01-07', 400000, 0, '2020-01-06 20:24:25', '2020-01-06 20:24:25'),
(130, 'JU4', '30', 111, '2020-01-07', 0, 400000, '2020-01-06 20:24:25', '2020-01-06 20:24:25'),
(131, 'JU5', '31', 513, '2020-01-07', 270000, 0, '2020-01-06 20:34:39', '2020-01-06 20:34:39'),
(132, 'JU5', '31', 514, '2020-01-07', 65000, 0, '2020-01-06 20:34:39', '2020-01-06 20:34:39'),
(133, 'JU5', '31', 512, '2020-01-07', 210000, 0, '2020-01-06 20:34:39', '2020-01-06 20:34:39'),
(134, 'JU5', '31', 111, '2020-01-07', 0, 545000, '2020-01-06 20:34:39', '2020-01-06 20:34:39'),
(135, 'JU5', '32', 521, '2020-01-07', 375000, 0, '2020-01-06 20:34:39', '2020-01-06 20:34:39'),
(136, 'JU5', '32', 111, '2020-01-07', 0, 375000, '2020-01-06 20:34:39', '2020-01-06 20:34:39'),
(137, 'JU5', '33', 515, '2020-01-07', 1000000, 0, '2020-01-06 20:34:39', '2020-01-06 20:34:39'),
(138, 'JU5', '33', 111, '2020-01-07', 0, 1000000, '2020-01-06 20:34:39', '2020-01-06 20:34:39'),
(139, 'JU5', '34', 511, '2020-01-07', 800000, 0, '2020-01-06 20:34:39', '2020-01-06 20:34:39'),
(140, 'JU5', '34', 111, '2020-01-07', 0, 800000, '2020-01-06 20:34:39', '2020-01-06 20:34:39'),
(141, 'JU6', '36', 111, '2020-01-09', 6000000, 0, '2020-01-09 10:02:33', '2020-01-09 10:02:33'),
(142, 'JU6', '36', 114, '2020-01-09', 2000000, 0, '2020-01-09 10:02:33', '2020-01-09 10:02:33'),
(143, 'JU6', '36', 115, '2020-01-09', 3750000, 0, '2020-01-09 10:02:33', '2020-01-09 10:02:33'),
(144, 'JU6', '36', 311, '2020-01-09', 0, 11750000, '2020-01-09 10:02:33', '2020-01-09 10:02:33'),
(145, 'JU6', '37', 111, '2020-01-09', 1550000, 0, '2020-01-09 10:02:33', '2020-01-09 10:02:33'),
(146, 'JU6', '37', 411, '2020-01-09', 0, 1550000, '2020-01-09 10:02:33', '2020-01-09 10:02:33'),
(147, 'JU6', '38', 115, '2020-01-09', 400000, 0, '2020-01-09 10:02:33', '2020-01-09 10:02:33'),
(148, 'JU6', '38', 111, '2020-01-09', 0, 200000, '2020-01-09 10:02:33', '2020-01-09 10:02:33'),
(149, 'JU6', '38', 211, '2020-01-09', 0, 200000, '2020-01-09 10:02:33', '2020-01-09 10:02:33'),
(150, 'JU6', '39', 114, '2020-01-09', 475000, 0, '2020-01-09 10:02:33', '2020-01-09 10:02:33'),
(151, 'JU6', '39', 111, '2020-01-09', 0, 475000, '2020-01-09 10:02:33', '2020-01-09 10:02:33'),
(152, 'JU6', '40', 111, '2020-01-09', 950000, 0, '2020-01-09 10:02:33', '2020-01-09 10:02:33'),
(153, 'JU6', '40', 411, '2020-01-09', 0, 950000, '2020-01-09 10:02:33', '2020-01-09 10:02:33'),
(154, 'JU6', '41', 312, '2020-01-09', 350000, 0, '2020-01-09 10:02:33', '2020-01-09 10:02:33'),
(155, 'JU6', '41', 111, '2020-01-09', 0, 350000, '2020-01-09 10:02:33', '2020-01-09 10:02:33'),
(156, 'JU6', '42', 513, '2020-01-09', 275000, 0, '2020-01-09 10:02:33', '2020-01-09 10:02:33'),
(157, 'JU6', '42', 514, '2020-01-09', 68000, 0, '2020-01-09 10:02:33', '2020-01-09 10:02:33'),
(158, 'JU6', '42', 512, '2020-01-09', 260000, 0, '2020-01-09 10:02:33', '2020-01-09 10:02:33'),
(159, 'JU6', '42', 111, '2020-01-09', 0, 603000, '2020-01-09 10:02:33', '2020-01-09 10:02:33'),
(160, 'JU6', '43', 521, '2020-01-09', 410000, 0, '2020-01-09 10:02:33', '2020-01-09 10:02:33'),
(161, 'JU6', '43', 111, '2020-01-09', 0, 410000, '2020-01-09 10:02:33', '2020-01-09 10:02:33'),
(162, 'JU6', '44', 515, '2020-01-09', 1000000, 0, '2020-01-09 10:02:33', '2020-01-09 10:02:33'),
(163, 'JU6', '44', 111, '2020-01-09', 0, 1000000, '2020-01-09 10:02:33', '2020-01-09 10:02:33'),
(164, 'JU6', '45', 511, '2020-01-09', 850000, 0, '2020-01-09 10:02:33', '2020-01-09 10:02:33'),
(165, 'JU6', '45', 111, '2020-01-09', 0, 850000, '2020-01-09 10:02:33', '2020-01-09 10:02:33'),
(166, 'JU7', '49', 111, '2020-01-10', 5000000, 0, '2020-01-09 19:36:20', '2020-01-09 19:36:20'),
(167, 'JU7', '49', 114, '2020-01-10', 1500000, 0, '2020-01-09 19:36:20', '2020-01-09 19:36:20'),
(168, 'JU7', '49', 115, '2020-01-10', 3500000, 0, '2020-01-09 19:36:20', '2020-01-09 19:36:20'),
(169, 'JU7', '49', 117, '2020-01-10', 12500000, 0, '2020-01-09 19:36:20', '2020-01-09 19:36:20'),
(170, 'JU7', '49', 311, '2020-01-10', 0, 22500000, '2020-01-09 19:36:20', '2020-01-09 19:36:20'),
(171, 'JU8', '50', 111, '2020-01-10', 6050000, 0, '2020-01-09 20:56:12', '2020-01-09 20:56:12'),
(172, 'JU8', '50', 114, '2020-01-10', 2000000, 0, '2020-01-09 20:56:12', '2020-01-09 20:56:12'),
(173, 'JU8', '50', 115, '2020-01-10', 3750000, 0, '2020-01-09 20:56:12', '2020-01-09 20:56:12'),
(174, 'JU8', '50', 311, '2020-01-10', 0, 11800000, '2020-01-09 20:56:12', '2020-01-09 20:56:12');

-- --------------------------------------------------------

--
-- Struktur dari tabel `buku_besar`
--

CREATE TABLE `buku_besar` (
  `id_bb` bigint(20) NOT NULL,
  `id_jurnal` varchar(5) COLLATE utf8mb4_unicode_ci NOT NULL,
  `id_transaksi` varchar(5) COLLATE utf8mb4_unicode_ci NOT NULL,
  `no_akun` int(11) NOT NULL,
  `debit` int(11) NOT NULL,
  `kredit` int(11) NOT NULL,
  `total_bb` int(11) DEFAULT NULL,
  `tgl_posting` date NOT NULL,
  `created_at` timestamp NULL DEFAULT NULL,
  `updated_at` timestamp NULL DEFAULT NULL
) ENGINE=InnoDB DEFAULT CHARSET=utf8mb4 COLLATE=utf8mb4_unicode_ci;

--
-- Dumping data untuk tabel `buku_besar`
--

INSERT INTO `buku_besar` (`id_bb`, `id_jurnal`, `id_transaksi`, `no_akun`, `debit`, `kredit`, `total_bb`, `tgl_posting`, `created_at`, `updated_at`) VALUES
(53, 'JU1', '14', 111, 700000, 0, 0, '2020-01-06', '2020-01-05 19:37:57', '2020-01-05 19:37:57'),
(54, 'JU1', '14', 411, 0, 700000, 0, '2020-01-06', '2020-01-05 19:37:57', '2020-01-05 19:37:57'),
(55, 'JU1', '15', 114, 400000, 0, 0, '2020-01-06', '2020-01-05 19:37:57', '2020-01-05 19:37:57'),
(56, 'JU1', '15', 111, 0, 400000, 0, '2020-01-06', '2020-01-05 19:37:57', '2020-01-05 19:37:57'),
(57, 'JU1', '18', 111, 5000000, 0, 0, '2020-01-06', '2020-01-05 19:37:57', '2020-01-05 19:37:57'),
(58, 'JU1', '18', 114, 1500000, 0, 0, '2020-01-06', '2020-01-05 19:37:57', '2020-01-05 19:37:57'),
(59, 'JU1', '18', 115, 3500000, 0, 0, '2020-01-06', '2020-01-05 19:37:57', '2020-01-05 19:37:57'),
(60, 'JU1', '18', 117, 12500000, 0, 0, '2020-01-06', '2020-01-05 19:37:57', '2020-01-05 19:37:57'),
(61, 'JU1', '18', 311, 0, 22500000, 0, '2020-01-06', '2020-01-05 19:37:57', '2020-01-05 19:37:57'),
(64, 'JP1', '24', 114, 0, 1600000, NULL, '2020-01-06', '2020-01-05 22:39:27', '2020-01-05 22:39:27'),
(65, 'JP1', '24', 517, 1600000, 0, NULL, '2020-01-06', '2020-01-05 22:39:27', '2020-01-05 22:39:27'),
(68, 'JU2', '16', 115, 1000000, 0, 0, '2020-01-06', '2020-01-06 05:32:38', '2020-01-06 05:32:38'),
(69, 'JU2', '16', 111, 0, 500000, 0, '2020-01-06', '2020-01-06 05:32:38', '2020-01-06 05:32:38'),
(70, 'JU2', '16', 211, 0, 500000, 0, '2020-01-06', '2020-01-06 05:32:38', '2020-01-06 05:32:38'),
(71, 'JU2', '17', 111, 1000000, 0, 0, '2020-01-06', '2020-01-06 05:32:38', '2020-01-06 05:32:38'),
(72, 'JU2', '17', 411, 0, 1000000, 0, '2020-01-06', '2020-01-06 05:32:38', '2020-01-06 05:32:38'),
(73, 'JU2', '19', 513, 250000, 0, 0, '2020-01-06', '2020-01-06 05:32:38', '2020-01-06 05:32:38'),
(74, 'JU2', '19', 514, 70000, 0, 0, '2020-01-06', '2020-01-06 05:32:38', '2020-01-06 05:32:38'),
(75, 'JU2', '19', 512, 195000, 0, 0, '2020-01-06', '2020-01-06 05:32:38', '2020-01-06 05:32:38'),
(76, 'JU2', '19', 111, 0, 515000, 0, '2020-01-06', '2020-01-06 05:32:38', '2020-01-06 05:32:38'),
(77, 'JU2', '20', 521, 350000, 0, 0, '2020-01-06', '2020-01-06 05:32:38', '2020-01-06 05:32:38'),
(78, 'JU2', '20', 111, 0, 350000, 0, '2020-01-06', '2020-01-06 05:32:38', '2020-01-06 05:32:38'),
(79, 'JU2', '21', 515, 1000000, 0, 0, '2020-01-06', '2020-01-06 05:32:38', '2020-01-06 05:32:38'),
(80, 'JU2', '21', 111, 0, 1000000, 0, '2020-01-06', '2020-01-06 05:32:38', '2020-01-06 05:32:38'),
(81, 'JU2', '22', 312, 300000, 0, 0, '2020-01-06', '2020-01-06 05:32:38', '2020-01-06 05:32:38'),
(82, 'JU2', '22', 111, 0, 300000, 0, '2020-01-06', '2020-01-06 05:32:38', '2020-01-06 05:32:38'),
(83, 'JU2', '23', 511, 800000, 0, 0, '2020-01-06', '2020-01-06 05:32:38', '2020-01-06 05:32:38'),
(84, 'JU2', '23', 111, 0, 800000, 0, '2020-01-06', '2020-01-06 05:32:38', '2020-01-06 05:32:38'),
(85, 'JU3', '25', 114, 1700000, 0, 0, '2020-01-06', '2020-01-06 06:51:54', '2020-01-06 06:51:54'),
(86, 'JU3', '25', 115, 3700000, 0, 0, '2020-01-06', '2020-01-06 06:51:54', '2020-01-06 06:51:54'),
(87, 'JU3', '25', 111, 5850000, 0, 0, '2020-01-06', '2020-01-06 06:51:54', '2020-01-06 06:51:54'),
(88, 'JU3', '25', 311, 0, 11250000, 0, '2020-01-06', '2020-01-06 06:51:54', '2020-01-06 06:51:54'),
(89, 'JU3', '26', 111, 1200000, 0, 0, '2020-01-06', '2020-01-06 06:51:54', '2020-01-06 06:51:54'),
(90, 'JU3', '26', 411, 0, 1200000, 0, '2020-01-06', '2020-01-06 06:51:54', '2020-01-06 06:51:54'),
(91, 'JP2', '35', 517, 1775000, 0, NULL, '2020-01-06', '2020-01-06 06:55:05', '2020-01-06 06:55:05'),
(92, 'JP2', '35', 114, 0, 1775000, NULL, '2020-01-06', '2020-01-06 06:55:05', '2020-01-06 06:55:05'),
(93, 'JU4', '27', 115, 700000, 0, 0, '2020-01-07', '2020-01-06 20:24:25', '2020-01-06 20:24:25'),
(94, 'JU4', '27', 111, 0, 350000, 0, '2020-01-07', '2020-01-06 20:24:25', '2020-01-06 20:24:25'),
(95, 'JU4', '27', 211, 0, 350000, 0, '2020-01-07', '2020-01-06 20:24:25', '2020-01-06 20:24:25'),
(96, 'JU4', '28', 114, 325000, 0, 0, '2020-01-07', '2020-01-06 20:24:25', '2020-01-06 20:24:25'),
(97, 'JU4', '28', 111, 0, 325000, 0, '2020-01-07', '2020-01-06 20:24:25', '2020-01-06 20:24:25'),
(98, 'JU4', '29', 111, 800000, 0, 0, '2020-01-07', '2020-01-06 20:24:26', '2020-01-06 20:24:26'),
(99, 'JU4', '29', 411, 0, 800000, 0, '2020-01-07', '2020-01-06 20:24:26', '2020-01-06 20:24:26'),
(100, 'JU4', '30', 312, 400000, 0, 0, '2020-01-07', '2020-01-06 20:24:26', '2020-01-06 20:24:26'),
(101, 'JU4', '30', 111, 0, 400000, 0, '2020-01-07', '2020-01-06 20:24:26', '2020-01-06 20:24:26'),
(102, 'JU5', '31', 513, 270000, 0, 0, '2020-01-07', '2020-01-06 20:34:39', '2020-01-06 20:34:39'),
(103, 'JU5', '31', 514, 65000, 0, 0, '2020-01-07', '2020-01-06 20:34:39', '2020-01-06 20:34:39'),
(104, 'JU5', '31', 512, 210000, 0, 0, '2020-01-07', '2020-01-06 20:34:39', '2020-01-06 20:34:39'),
(105, 'JU5', '31', 111, 0, 545000, 0, '2020-01-07', '2020-01-06 20:34:39', '2020-01-06 20:34:39'),
(106, 'JU5', '32', 521, 375000, 0, 0, '2020-01-07', '2020-01-06 20:34:39', '2020-01-06 20:34:39'),
(107, 'JU5', '32', 111, 0, 375000, 0, '2020-01-07', '2020-01-06 20:34:39', '2020-01-06 20:34:39'),
(108, 'JU5', '33', 515, 1000000, 0, 0, '2020-01-07', '2020-01-06 20:34:39', '2020-01-06 20:34:39'),
(109, 'JU5', '33', 111, 0, 1000000, 0, '2020-01-07', '2020-01-06 20:34:39', '2020-01-06 20:34:39'),
(110, 'JU5', '34', 511, 800000, 0, 0, '2020-01-07', '2020-01-06 20:34:39', '2020-01-06 20:34:39'),
(111, 'JU5', '34', 111, 0, 800000, 0, '2020-01-07', '2020-01-06 20:34:39', '2020-01-06 20:34:39'),
(112, 'JU6', '36', 111, 6000000, 0, 0, '2020-01-09', '2020-01-09 10:02:33', '2020-01-09 10:02:33'),
(113, 'JU6', '36', 114, 2000000, 0, 0, '2020-01-09', '2020-01-09 10:02:33', '2020-01-09 10:02:33'),
(114, 'JU6', '36', 115, 3750000, 0, 0, '2020-01-09', '2020-01-09 10:02:33', '2020-01-09 10:02:33'),
(115, 'JU6', '36', 311, 0, 11750000, 0, '2020-01-09', '2020-01-09 10:02:33', '2020-01-09 10:02:33'),
(116, 'JU6', '37', 111, 1550000, 0, 0, '2020-01-09', '2020-01-09 10:02:33', '2020-01-09 10:02:33'),
(117, 'JU6', '37', 411, 0, 1550000, 0, '2020-01-09', '2020-01-09 10:02:33', '2020-01-09 10:02:33'),
(118, 'JU6', '38', 115, 400000, 0, 0, '2020-01-09', '2020-01-09 10:02:33', '2020-01-09 10:02:33'),
(119, 'JU6', '38', 111, 0, 200000, 0, '2020-01-09', '2020-01-09 10:02:33', '2020-01-09 10:02:33'),
(120, 'JU6', '38', 211, 0, 200000, 0, '2020-01-09', '2020-01-09 10:02:33', '2020-01-09 10:02:33'),
(121, 'JU6', '39', 114, 475000, 0, 0, '2020-01-09', '2020-01-09 10:02:33', '2020-01-09 10:02:33'),
(122, 'JU6', '39', 111, 0, 475000, 0, '2020-01-09', '2020-01-09 10:02:33', '2020-01-09 10:02:33'),
(123, 'JU6', '40', 111, 950000, 0, 0, '2020-01-09', '2020-01-09 10:02:33', '2020-01-09 10:02:33'),
(124, 'JU6', '40', 411, 0, 950000, 0, '2020-01-09', '2020-01-09 10:02:33', '2020-01-09 10:02:33'),
(125, 'JU6', '41', 312, 350000, 0, 0, '2020-01-09', '2020-01-09 10:02:33', '2020-01-09 10:02:33'),
(126, 'JU6', '41', 111, 0, 350000, 0, '2020-01-09', '2020-01-09 10:02:33', '2020-01-09 10:02:33'),
(127, 'JU6', '42', 513, 275000, 0, 0, '2020-01-09', '2020-01-09 10:02:33', '2020-01-09 10:02:33'),
(128, 'JU6', '42', 514, 68000, 0, 0, '2020-01-09', '2020-01-09 10:02:33', '2020-01-09 10:02:33'),
(129, 'JU6', '42', 512, 260000, 0, 0, '2020-01-09', '2020-01-09 10:02:33', '2020-01-09 10:02:33'),
(130, 'JU6', '42', 111, 0, 603000, 0, '2020-01-09', '2020-01-09 10:02:33', '2020-01-09 10:02:33'),
(131, 'JU6', '43', 521, 410000, 0, 0, '2020-01-09', '2020-01-09 10:02:33', '2020-01-09 10:02:33'),
(132, 'JU6', '43', 111, 0, 410000, 0, '2020-01-09', '2020-01-09 10:02:33', '2020-01-09 10:02:33'),
(133, 'JU6', '44', 515, 1000000, 0, 0, '2020-01-09', '2020-01-09 10:02:33', '2020-01-09 10:02:33'),
(134, 'JU6', '44', 111, 0, 1000000, 0, '2020-01-09', '2020-01-09 10:02:33', '2020-01-09 10:02:33'),
(135, 'JU6', '45', 511, 850000, 0, 0, '2020-01-09', '2020-01-09 10:02:33', '2020-01-09 10:02:33'),
(136, 'JU6', '45', 111, 0, 850000, 0, '2020-01-09', '2020-01-09 10:02:33', '2020-01-09 10:02:33'),
(139, 'JP3', '46', 517, 2205000, 0, NULL, '2020-01-09', '2020-01-09 10:15:39', '2020-01-09 10:15:39'),
(140, 'JP3', '46', 114, 0, 2205000, NULL, '2020-01-09', '2020-01-09 10:15:39', '2020-01-09 10:15:39'),
(144, 'JU7', '49', 111, 5000000, 0, 0, '2020-01-10', '2020-01-09 19:36:20', '2020-01-09 19:36:20'),
(145, 'JU7', '49', 114, 1500000, 0, 0, '2020-01-10', '2020-01-09 19:36:20', '2020-01-09 19:36:20'),
(146, 'JU7', '49', 115, 3500000, 0, 0, '2020-01-10', '2020-01-09 19:36:20', '2020-01-09 19:36:20'),
(147, 'JU7', '49', 117, 12500000, 0, 0, '2020-01-10', '2020-01-09 19:36:20', '2020-01-09 19:36:20'),
(148, 'JU7', '49', 311, 0, 22500000, 0, '2020-01-10', '2020-01-09 19:36:20', '2020-01-09 19:36:20'),
(149, 'JU8', '50', 111, 6050000, 0, 0, '2020-01-10', '2020-01-09 20:56:12', '2020-01-09 20:56:12'),
(150, 'JU8', '50', 114, 2000000, 0, 0, '2020-01-10', '2020-01-09 20:56:12', '2020-01-09 20:56:12'),
(151, 'JU8', '50', 115, 3750000, 0, 0, '2020-01-10', '2020-01-09 20:56:12', '2020-01-09 20:56:12'),
(152, 'JU8', '50', 311, 0, 11800000, 0, '2020-01-10', '2020-01-09 20:56:12', '2020-01-09 20:56:12');

-- --------------------------------------------------------

--
-- Struktur dari tabel `gol_akun`
--

CREATE TABLE `gol_akun` (
  `id` bigint(20) UNSIGNED NOT NULL,
  `kode_golongan` varchar(5) COLLATE utf8mb4_unicode_ci NOT NULL,
  `nm_golongan` varchar(100) COLLATE utf8mb4_unicode_ci NOT NULL,
  `created_at` timestamp NULL DEFAULT NULL,
  `updated_at` timestamp NULL DEFAULT NULL
) ENGINE=InnoDB DEFAULT CHARSET=utf8mb4 COLLATE=utf8mb4_unicode_ci;

--
-- Dumping data untuk tabel `gol_akun`
--

INSERT INTO `gol_akun` (`id`, `kode_golongan`, `nm_golongan`, `created_at`, `updated_at`) VALUES
(3, 'GA1', 'Harta (Aktiva)', '2019-12-24 08:25:43', '2019-12-24 08:25:43'),
(4, 'GA2', 'Hutang (Kewajiban)', '2019-12-24 08:25:53', '2019-12-24 08:25:53'),
(5, 'GA3', 'Modal', '2019-12-24 08:26:01', '2019-12-24 08:26:01'),
(6, 'GA4', 'Pendapatan', '2019-12-24 08:26:09', '2019-12-24 08:26:09'),
(7, 'GA5', 'Beban', '2019-12-24 08:26:15', '2019-12-24 08:26:15'),
(8, 'GA6', 'Contoh Golongan', '2020-01-09 19:14:16', '2020-01-09 19:17:33');

-- --------------------------------------------------------

--
-- Struktur dari tabel `jurnal_penyesuaian`
--

CREATE TABLE `jurnal_penyesuaian` (
  `id` bigint(20) NOT NULL,
  `kode_jurnal_penyesuaian` varchar(5) NOT NULL,
  `tanggal_pembuatan` date NOT NULL,
  `no_jurnal_penyesuaian` varchar(20) NOT NULL,
  `nm_jurnal_penyesuaian` varchar(50) NOT NULL,
  `created_at` timestamp NULL DEFAULT NULL,
  `updated_at` timestamp NULL DEFAULT NULL
) ENGINE=InnoDB DEFAULT CHARSET=latin1;

--
-- Dumping data untuk tabel `jurnal_penyesuaian`
--

INSERT INTO `jurnal_penyesuaian` (`id`, `kode_jurnal_penyesuaian`, `tanggal_pembuatan`, `no_jurnal_penyesuaian`, `nm_jurnal_penyesuaian`, `created_at`, `updated_at`) VALUES
(19, 'JP1', '2020-01-06', 'JP-JUL19', 'Jurnal Penyesuaian Juli 2019', '2020-01-05 22:39:27', '2020-01-05 22:39:27'),
(20, 'JP2', '2020-01-06', 'JP-AGT19', 'Jurnal Penyesuaian Agustus 2019', '2020-01-06 06:55:05', '2020-01-06 06:55:05'),
(22, 'JP3', '2020-01-09', 'JP-SEP19', 'Jurnal Penyesuaian September 2019', '2020-01-09 10:15:39', '2020-01-09 10:15:39');

-- --------------------------------------------------------

--
-- Struktur dari tabel `jurnal_umum`
--

CREATE TABLE `jurnal_umum` (
  `id` bigint(20) NOT NULL,
  `kode_jurnal` varchar(5) NOT NULL,
  `tanggal_pembuatan` date NOT NULL,
  `no_jurnal_umum` varchar(20) NOT NULL,
  `nm_jurnal_umum` varchar(50) NOT NULL,
  `nilai` int(16) NOT NULL,
  `created_at` timestamp NULL DEFAULT NULL,
  `updated_at` timestamp NULL DEFAULT NULL
) ENGINE=InnoDB DEFAULT CHARSET=latin1;

--
-- Dumping data untuk tabel `jurnal_umum`
--

INSERT INTO `jurnal_umum` (`id`, `kode_jurnal`, `tanggal_pembuatan`, `no_jurnal_umum`, `nm_jurnal_umum`, `nilai`, `created_at`, `updated_at`) VALUES
(28, 'JU1', '2020-01-06', 'JU-JUL19', 'Jurnal Umum Juli 2019', 23600000, '2020-01-05 19:37:57', '2020-01-05 19:37:57'),
(30, 'JU2', '2020-01-06', 'JU-JUL19-2', 'Jurnal Umum Juli 2019 ke 2', 4965000, '2020-01-06 05:32:38', '2020-01-06 05:32:38'),
(31, 'JU3', '2020-01-06', 'JU-AGT-19', 'Jurnal Umum Agustus 2019', 12450000, '2020-01-06 06:51:54', '2020-01-06 06:51:54'),
(32, 'JU4', '2020-01-07', 'JU-AGT19-2', 'Jurnal Umum Agustus 2019 ke 2', 2225000, '2020-01-06 20:24:25', '2020-01-06 20:24:25'),
(33, 'JU5', '2020-01-07', 'JU-AGT19-3', 'Jurnal Umum Agustus 2019 ke 3', 2720000, '2020-01-06 20:34:39', '2020-01-06 20:34:39'),
(34, 'JU6', '2020-01-09', 'JU-SEP19', 'Jurnal Umum September 2019', 18338000, '2020-01-09 10:02:33', '2020-01-09 10:02:33'),
(35, 'JU7', '2020-01-10', 'JU-JAN19', 'Jurnal Umum Januari 2019', 22500000, '2020-01-09 19:36:20', '2020-01-09 19:36:20'),
(36, 'JU8', '2020-01-10', 'JU-OKT19', 'Jurnal Umum Oktober 2019', 11800000, '2020-01-09 20:56:12', '2020-01-09 20:56:12');

-- --------------------------------------------------------

--
-- Struktur dari tabel `lap_keuangan`
--

CREATE TABLE `lap_keuangan` (
  `id_lap` varchar(5) COLLATE utf8mb4_unicode_ci NOT NULL,
  `id_bb` varchar(5) COLLATE utf8mb4_unicode_ci NOT NULL,
  `id_nssp` varchar(5) COLLATE utf8mb4_unicode_ci NOT NULL,
  `no_akun` int(11) NOT NULL,
  `jumlah_labarugi` int(11) NOT NULL,
  `jumlah_perubahanmodal` int(11) NOT NULL,
  `jumlah_neraca` int(11) NOT NULL,
  `created_at` timestamp NULL DEFAULT NULL,
  `updated_at` timestamp NULL DEFAULT NULL
) ENGINE=InnoDB DEFAULT CHARSET=utf8mb4 COLLATE=utf8mb4_unicode_ci;

-- --------------------------------------------------------

--
-- Struktur dari tabel `migrations`
--

CREATE TABLE `migrations` (
  `id` int(10) UNSIGNED NOT NULL,
  `migration` varchar(191) COLLATE utf8mb4_unicode_ci NOT NULL,
  `batch` int(11) NOT NULL
) ENGINE=InnoDB DEFAULT CHARSET=utf8mb4 COLLATE=utf8mb4_unicode_ci;

--
-- Dumping data untuk tabel `migrations`
--

INSERT INTO `migrations` (`id`, `migration`, `batch`) VALUES
(1, '2014_10_12_000000_create_users_table', 1),
(2, '2019_11_26_031821_data', 1),
(3, '2019_11_26_032752_jurnal_umum', 1),
(4, '2019_11_26_033054_posting', 1),
(5, '2019_11_26_033220_buku_besar', 1),
(6, '2019_11_26_035409_lap_keuangan', 1),
(7, '2019_11_26_035824_nssp', 1);

-- --------------------------------------------------------

--
-- Struktur dari tabel `nssp`
--

CREATE TABLE `nssp` (
  `id_nssp` varchar(5) COLLATE utf8mb4_unicode_ci NOT NULL,
  `id_bb` varchar(5) COLLATE utf8mb4_unicode_ci NOT NULL,
  `no_akun` int(11) NOT NULL,
  `total_neraca` int(11) NOT NULL,
  `created_at` timestamp NULL DEFAULT NULL,
  `updated_at` timestamp NULL DEFAULT NULL
) ENGINE=InnoDB DEFAULT CHARSET=utf8mb4 COLLATE=utf8mb4_unicode_ci;

-- --------------------------------------------------------

--
-- Struktur dari tabel `posting`
--

CREATE TABLE `posting` (
  `id_posting` varchar(5) COLLATE utf8mb4_unicode_ci NOT NULL,
  `id_jurnal` varchar(5) COLLATE utf8mb4_unicode_ci NOT NULL,
  `id_bb` varchar(5) COLLATE utf8mb4_unicode_ci NOT NULL,
  `tgl_posting` date NOT NULL,
  `created_at` timestamp NULL DEFAULT NULL,
  `updated_at` timestamp NULL DEFAULT NULL
) ENGINE=InnoDB DEFAULT CHARSET=utf8mb4 COLLATE=utf8mb4_unicode_ci;

-- --------------------------------------------------------

--
-- Struktur dari tabel `role`
--

CREATE TABLE `role` (
  `id` bigint(20) UNSIGNED NOT NULL,
  `role` varchar(100) COLLATE utf8mb4_unicode_ci NOT NULL,
  `created_at` timestamp NULL DEFAULT NULL,
  `updated_at` timestamp NULL DEFAULT NULL
) ENGINE=InnoDB DEFAULT CHARSET=utf8mb4 COLLATE=utf8mb4_unicode_ci;

--
-- Dumping data untuk tabel `role`
--

INSERT INTO `role` (`id`, `role`, `created_at`, `updated_at`) VALUES
(1, 'Admin', NULL, NULL),
(2, 'Pemilik', NULL, NULL),
(3, 'Akuntan', NULL, NULL),
(4, 'Kasir', NULL, NULL);

-- --------------------------------------------------------

--
-- Stand-in struktur untuk tampilan `total_keseluruhan`
-- (Lihat di bawah untuk tampilan aktual)
--
CREATE TABLE `total_keseluruhan` (
`waktu` varchar(7)
,`total_debit_all` decimal(54,0)
,`total_kredit_all` decimal(54,0)
);

-- --------------------------------------------------------

--
-- Stand-in struktur untuk tampilan `total_per_akun`
-- (Lihat di bawah untuk tampilan aktual)
--
CREATE TABLE `total_per_akun` (
`tgl_posting` date
,`no_akun` int(11)
,`total_debit` decimal(32,0)
,`total_kredit` decimal(32,0)
,`total_debit_sisa` decimal(33,0)
,`total_kredit_sisa` decimal(33,0)
);

-- --------------------------------------------------------

--
-- Struktur dari tabel `transaksi`
--

CREATE TABLE `transaksi` (
  `id_transaksi` bigint(20) NOT NULL,
  `nm_transaksi` varchar(100) COLLATE utf8mb4_unicode_ci NOT NULL,
  `tgl_transaksi` date NOT NULL,
  `nominal_transaksi` int(11) DEFAULT NULL,
  `deskripsi` text COLLATE utf8mb4_unicode_ci DEFAULT NULL,
  `jenis` varchar(30) COLLATE utf8mb4_unicode_ci NOT NULL,
  `id_user` int(11) NOT NULL,
  `created_at` timestamp NULL DEFAULT NULL,
  `updated_at` timestamp NULL DEFAULT NULL
) ENGINE=InnoDB DEFAULT CHARSET=utf8mb4 COLLATE=utf8mb4_unicode_ci;

--
-- Dumping data untuk tabel `transaksi`
--

INSERT INTO `transaksi` (`id_transaksi`, `nm_transaksi`, `tgl_transaksi`, `nominal_transaksi`, `deskripsi`, `jenis`, `id_user`, `created_at`, `updated_at`) VALUES
(14, '1', '2019-07-03', 700000, 'Menerima pendapatan jasa dari pelanggan Rp 700.000', 'Tunai', 4, '2020-01-05 19:17:22', '2020-01-05 19:17:22'),
(15, '2', '2019-07-05', 400000, 'Membeli perlengkapan usaha sebesar Rp400.000 secara tunai', 'Tunai', 4, '2020-01-05 19:17:45', '2020-01-05 19:19:01'),
(16, '2', '2019-07-07', 1000000, 'Membeli peralatan sebesar Rp1.000.000 baru dibayar Rp500.000. sisanya dibayar bulan depan.', 'Tunai', 4, '2020-01-05 19:18:32', '2020-01-05 19:19:17'),
(17, '1', '2019-07-16', 1000000, 'Menerima pendapatan jasa dari pelanggan sebesar Rp1.000.000.', 'Tunai', 4, '2020-01-05 19:19:46', '2020-01-05 19:19:46'),
(18, '1', '2019-07-02', NULL, 'Budi menyetorkan uang tunai Rp5.000.000, perlengkapan Rp1.500.000, peralatan 	Rp3.500.000, dan sepeda motor Rp12.500.000 sebagai modal usaha.', 'Tunai', 4, '2020-01-05 19:24:58', '2020-01-05 19:24:58'),
(19, '2', '2019-07-17', NULL, 'Membayar biaya listrik Rp250.000,  biaya telepon sebesar Rp70.000, biaya air sebesar 	Rp195.000', 'Tunai', 4, '2020-01-05 19:26:25', '2020-01-05 19:26:25'),
(20, '2', '2019-07-20', NULL, 'Membayar beban macam-macam sebesar Rp350.000.', 'Tunai', 4, '2020-01-05 19:26:48', '2020-01-05 19:26:48'),
(21, '2', '2019-07-22', NULL, 'Menerima tagihan dari Koran KOMPAS atas pemasangan iklan di koran sebesar Rp1.000.000', 'Tunai', 4, '2020-01-05 19:27:09', '2020-01-05 19:27:09'),
(22, '2', '2019-07-25', NULL, 'Budi mengambil uang perusahaan untuk keperluan pribadi sebesar Rp300.000.', 'Tunai', 4, '2020-01-05 19:27:30', '2020-01-05 19:27:30'),
(23, '2', '2019-07-29', NULL, 'Membayar gaji karyawan sebesar Rp800.000.', 'Tunai', 4, '2020-01-05 19:27:44', '2020-01-05 19:27:44'),
(24, '1', '2019-07-31', NULL, 'Sesudah dihitung secara fisik ternyata perlengkapan laundry yang masih ada sebesar Rp 300.000', 'Tunai', 4, '2020-01-05 22:37:50', '2020-01-05 22:37:50'),
(25, '1', '2019-08-02', NULL, 'Budi menyetorkan uang tunai Rp5.850.000, perlengkapan Rp1.700.000, peralatan 	Rp3.700.000 sebagai modal usaha.', 'Tunai', 4, '2020-01-06 06:40:52', '2020-01-06 06:40:52'),
(26, '1', '2019-08-03', NULL, 'Menerima pendapatan jasa dari pelanggan Rp1.200.000.', 'Tunai', 4, '2020-01-06 06:42:12', '2020-01-06 06:42:12'),
(27, '2', '2019-08-05', NULL, 'Membeli peralatan sebesar Rp700.000 baru dibayar Rp350.000. sisanya dibayar bulan 	depan', 'Tunai', 4, '2020-01-06 06:42:33', '2020-01-06 06:42:33'),
(28, '2', '2019-08-10', NULL, 'Membeli perlengkapan usaha sebesar Rp325.000 secara tunai.', 'Tunai', 4, '2020-01-06 06:42:48', '2020-01-06 06:42:48'),
(29, '1', '2019-08-13', NULL, 'Menerima pendapatan jasa dari pelanggan sebesar Rp800.000.', 'Tunai', 4, '2020-01-06 06:42:59', '2020-01-06 06:42:59'),
(30, '2', '2019-08-16', NULL, 'Budi mengambil uang perusahaan untuk keperluan pribadi sebesar Rp400.000.', 'Tunai', 4, '2020-01-06 06:43:10', '2020-01-06 06:43:10'),
(31, '2', '2019-08-17', NULL, 'Membayar biaya listrik Rp270.000,  biaya telepon sebesar Rp65.000, biaya air sebesar 	Rp210.000', 'Tunai', 4, '2020-01-06 06:43:28', '2020-01-06 06:43:28'),
(32, '2', '2019-08-20', NULL, 'Membayar beban lain-lain sebesar Rp375.000.', 'Tunai', 4, '2020-01-06 06:43:38', '2020-01-06 06:43:38'),
(33, '2', '2019-08-22', NULL, 'Menerima tagihan dari Koran KOMPAS atas pemasangan iklan di koran sebesar Rp1.000.000', 'Tunai', 4, '2020-01-06 06:43:54', '2020-01-06 06:43:54'),
(34, '2', '2019-08-29', NULL, 'Membayar gaji karyawan sebesar Rp800.000.', 'Tunai', 4, '2020-01-06 06:44:04', '2020-01-06 06:44:04'),
(35, '1', '2019-08-31', NULL, 'Sesudah dihitung secara fisik ternyata perlengkapan laundry yang masih ada sebesar Rp 250.000', 'Tunai', 4, '2020-01-06 06:52:58', '2020-01-06 06:52:58'),
(36, '1', '2019-09-02', NULL, 'Budi menyetorkan uang tunai Rp6.000.000, perlengkapan Rp2.000.000, peralatan 	Rp3.750.000 sebagai modal usaha.', 'Tunai', 4, '2020-01-06 08:41:00', '2020-01-06 08:41:00'),
(37, '1', '2019-09-03', NULL, 'Menerima pendapatan jasa dari pelanggan Rp1.550.000.', 'Tunai', 4, '2020-01-06 08:41:09', '2020-01-06 08:41:09'),
(38, '2', '2019-09-05', NULL, 'Membeli peralatan sebesar Rp400.000 baru dibayar Rp200.000. sisanya dibayar bulan depan.', 'Tunai', 4, '2020-01-06 08:41:24', '2020-01-06 08:41:24'),
(39, '2', '2019-09-10', NULL, 'Membeli perlengkapan usaha sebesar Rp475.000 secara tunai.', 'Tunai', 4, '2020-01-06 08:41:44', '2020-01-06 08:41:44'),
(40, '1', '2019-09-13', NULL, 'Menerima pendapatan jasa dari pelanggan sebesar Rp950.000.', 'Tunai', 4, '2020-01-06 08:42:06', '2020-01-06 08:42:06'),
(41, '2', '2019-09-16', NULL, 'Budi mengambil uang perusahaan untuk keperluan pribadi sebesar Rp350.000.', 'Tunai', 4, '2020-01-07 17:30:54', '2020-01-07 17:30:54'),
(42, '2', '2019-09-17', NULL, 'Membayar biaya listrik Rp275.000,  biaya telepon sebesar Rp68.000, biaya air sebesar Rp260.000', 'Tunai', 4, '2020-01-07 17:31:12', '2020-01-07 17:31:12'),
(43, '2', '2019-09-20', NULL, 'Membayar beban macam-macam sebesar Rp410.000.', 'Tunai', 4, '2020-01-07 17:31:21', '2020-01-07 17:31:21'),
(44, '2', '2019-09-22', NULL, 'Menerima tagihan dari Koran KOMPAS atas pemasangan iklan di koran sebesar Rp1.000.000', 'Tunai', 4, '2020-01-07 17:31:32', '2020-01-07 17:31:32'),
(45, '2', '2019-09-29', NULL, 'Membayar gaji karyawan sebesar Rp850.000.', 'Tunai', 4, '2020-01-07 17:31:47', '2020-01-07 17:31:47'),
(46, '1', '2019-09-30', NULL, 'Sesudah dihitung secara fisik ternyata perlengkapan laundry yang masih ada sebesar Rp 270.000', 'Tunai', 4, '2020-01-09 10:03:29', '2020-01-09 10:03:29'),
(48, '1', '2019-01-03', NULL, 'Menerima pendapatan jasa dari pelanggan Rp500.000', 'Tunai', 4, '2020-01-09 19:27:50', '2020-01-09 19:27:50'),
(49, '1', '2019-01-02', NULL, 'Pemilik Menyetorkan uang tunai Rp5.000.000, perlengkapan Rp1.500.000, peralatan Rp3.500.000, dan sepeda motor Rp12.500.000 sebagai modal usaha.', 'Tunai', 4, '2020-01-09 19:28:43', '2020-01-09 19:28:43'),
(50, '1', '2019-10-02', NULL, 'Budi menyetorkan uang tunai Rp6.050.000, perlengkapan Rp2.000.000, peralatan 	Rp3.750.000 sebagai modal usaha.', 'Tunai', 8, '2020-01-09 20:44:18', '2020-01-09 20:44:18'),
(51, '1', '2019-10-03', NULL, 'Menerima pendapatan jasa dari pelanggan Rp1.750.000.', 'Tunai', 8, '2020-01-09 20:44:45', '2020-01-09 20:44:45'),
(52, '2', '2019-10-05', NULL, 'Membeli peralatan sebesar Rp350.000 baru dibayar Rp175.000. sisanya dibayar bulan 	depan.', 'Hutang', 8, '2020-01-09 20:45:20', '2020-01-09 20:45:20'),
(53, '2', '2019-10-10', NULL, 'Membeli perlengkapan usaha sebesar Rp550.000 secara tunai.', 'Tunai', 8, '2020-01-09 20:45:45', '2020-01-09 20:45:45'),
(54, '1', '2019-10-13', NULL, 'Menerima pendapatan jasa dari pelanggan sebesar Rp900.000.', 'Tunai', 8, '2020-01-09 20:46:09', '2020-01-09 20:46:09'),
(55, '2', '2019-10-16', NULL, 'Budi mengambil uang perusahaan untuk keperluan pribadi sebesar Rp250.000.', 'Tunai', 8, '2020-01-09 20:46:36', '2020-01-09 20:46:36'),
(56, '2', '2019-10-17', NULL, 'Membayar biaya listrik Rp205.000,  biaya telepon sebesar Rp65.000, biaya air sebesar 	Rp230.000', 'Tunai', 8, '2020-01-09 20:46:55', '2020-01-09 20:46:55'),
(57, '2', '2019-10-20', NULL, 'Membayar beban macam-macam sebesar Rp420.000.', 'Tunai', 8, '2020-01-09 20:47:15', '2020-01-09 20:47:15'),
(58, '2', '2019-10-22', NULL, 'Menerima tagihan dari Koran KOMPAS atas pemasangan iklan di koran sebesar Rp1.000.000', 'Hutang', 8, '2020-01-09 20:47:38', '2020-01-09 20:48:26'),
(59, '2', '2019-10-29', NULL, 'Membayar gaji karyawan sebesar Rp850.000.', 'Tunai', 8, '2020-01-09 20:48:00', '2020-01-09 20:48:00');

-- --------------------------------------------------------

--
-- Struktur dari tabel `users`
--

CREATE TABLE `users` (
  `id` bigint(20) UNSIGNED NOT NULL,
  `id_role` int(11) NOT NULL,
  `username` varchar(191) COLLATE utf8mb4_unicode_ci NOT NULL,
  `password` varchar(191) COLLATE utf8mb4_unicode_ci NOT NULL,
  `nama` varchar(191) COLLATE utf8mb4_unicode_ci NOT NULL,
  `remember_token` varchar(100) COLLATE utf8mb4_unicode_ci DEFAULT NULL,
  `created_at` timestamp NULL DEFAULT NULL,
  `updated_at` timestamp NULL DEFAULT NULL
) ENGINE=InnoDB DEFAULT CHARSET=utf8mb4 COLLATE=utf8mb4_unicode_ci;

--
-- Dumping data untuk tabel `users`
--

INSERT INTO `users` (`id`, `id_role`, `username`, `password`, `nama`, `remember_token`, `created_at`, `updated_at`) VALUES
(1, 1, 'admin', '$2y$12$XSgXelrmi8Lrvhztm7OGq.FVAzSHTxDE6Ndp9pg6wOQmfpj57xv6y', 'Dadi Ilham', NULL, '2019-12-11 09:09:46', NULL),
(2, 3, 'akuntan', '$2y$10$CXtk4KmN7Tbv05zZGwxXzOi01zQyGBUsHuVtSTN9K74NMrRAptcgK', 'Andra Saputro', 'PJQRFl5N3BkvMkVCSVHsWE2cbw9kca80BbO6M1IN6YK2oBX9KAGshmhU3ysP', '2019-12-11 02:10:43', '2019-12-11 02:10:43'),
(4, 4, 'kasir', '$2y$10$fd.eIZYCYI12uvdzyE92VON2NpeXGVsKVP7hwHJZkK6VnMY7WwW0y', 'Susilo Hariyono', '2VkSncQzSb5u5Q0nLsWHoG2LBdbPIWYcpYlQCWS9BAmUpleueJkYNBTRHjzq', '2019-12-12 07:52:12', '2019-12-12 07:52:12'),
(7, 1, 'firman', '$2y$10$6NubO98zXZE2f9Mu8UVCWeboPuyuHypFJw6RyAsd1u92dCe1jN99C', 'Firman sah', 'fsgagvG9G9abxs96EgjYSojj9BUcbGgW4j0WX2BwbWIeZQexpX8z3z2JugTS', '2020-01-09 20:17:42', '2020-01-09 20:17:42'),
(8, 4, 'rajib', '$2y$10$Gkj1t73Kyf/BgoZWqKEgXe2ON8pE61raQ2SvLjYjRWDLzLmUgvO4a', 'Rajib Aqil Akbar', 'k5d6GOg6aF9MWxkxImyny015uqfDDvuoCZQxmEkCD8Wep0hbayUTAZAqaJby', '2020-01-09 20:41:04', '2020-01-09 20:41:04'),
(9, 3, 'dadi', '$2y$10$hdLQypQuFV.g4tYc3EH./e/wDWt2t0o79eaRoR1/.HNdA9ZI45H3e', 'Dadi Ilham Setiadi', 'coEO03OxeRAkRYvdSH1mDfs6G26WDeCOCP0j3sTdel8oDsAKRdMk79d8Zt3s', '2020-01-09 20:41:25', '2020-01-09 20:41:25'),
(10, 2, 'rendy', '$2y$10$Ynco0pHrskz0NfgZ8d5XpePae3DAf8ItyptMocHUpt.PlmDvub8uW', 'Rendy Yudha', 'NHN9XB7S6g4K391teO782u5dOPqgUEZ3JG3iov6vV8vfB4qupODCQzDQeIjd', '2020-01-09 20:41:40', '2020-01-09 20:41:40');

-- --------------------------------------------------------

--
-- Struktur untuk view `total_keseluruhan`
--
DROP TABLE IF EXISTS `total_keseluruhan`;

CREATE ALGORITHM=UNDEFINED DEFINER=`root`@`localhost` SQL SECURITY DEFINER VIEW `total_keseluruhan`  AS  select date_format(`a`.`tgl_posting`,'%Y-%m') AS `waktu`,sum(`a`.`total_debit`) AS `total_debit_all`,sum(`a`.`total_kredit`) AS `total_kredit_all` from `total_per_akun` `a` group by month(`a`.`tgl_posting`) ;

-- --------------------------------------------------------

--
-- Struktur untuk view `total_per_akun`
--
DROP TABLE IF EXISTS `total_per_akun`;

CREATE ALGORITHM=UNDEFINED DEFINER=`root`@`localhost` SQL SECURITY DEFINER VIEW `total_per_akun`  AS  select `a`.`tgl_posting` AS `tgl_posting`,`a`.`no_akun` AS `no_akun`,sum(`a`.`debit`) AS `total_debit`,sum(`a`.`kredit`) AS `total_kredit`,sum(`a`.`debit`) - sum(`a`.`kredit`) AS `total_debit_sisa`,sum(`a`.`kredit`) - sum(`a`.`debit`) AS `total_kredit_sisa` from `buku_besar` `a` group by `a`.`no_akun` ;

--
-- Indexes for dumped tables
--

--
-- Indeks untuk tabel `akun`
--
ALTER TABLE `akun`
  ADD PRIMARY KEY (`id`);

--
-- Indeks untuk tabel `akun_jurnal_penyesuaian`
--
ALTER TABLE `akun_jurnal_penyesuaian`
  ADD PRIMARY KEY (`id`),
  ADD KEY `id_transaksi` (`id_transaksi`),
  ADD KEY `no_akun` (`no_akun`);

--
-- Indeks untuk tabel `akun_jurnal_umum`
--
ALTER TABLE `akun_jurnal_umum`
  ADD PRIMARY KEY (`id`),
  ADD KEY `id_transaksi` (`id_transaksi`),
  ADD KEY `no_akun` (`no_akun`);

--
-- Indeks untuk tabel `buku_besar`
--
ALTER TABLE `buku_besar`
  ADD PRIMARY KEY (`id_bb`);

--
-- Indeks untuk tabel `gol_akun`
--
ALTER TABLE `gol_akun`
  ADD PRIMARY KEY (`id`);

--
-- Indeks untuk tabel `jurnal_penyesuaian`
--
ALTER TABLE `jurnal_penyesuaian`
  ADD PRIMARY KEY (`id`),
  ADD UNIQUE KEY `no_jurnal_umum` (`no_jurnal_penyesuaian`);

--
-- Indeks untuk tabel `jurnal_umum`
--
ALTER TABLE `jurnal_umum`
  ADD PRIMARY KEY (`id`),
  ADD UNIQUE KEY `no_jurnal_umum` (`no_jurnal_umum`);

--
-- Indeks untuk tabel `lap_keuangan`
--
ALTER TABLE `lap_keuangan`
  ADD PRIMARY KEY (`id_lap`),
  ADD KEY `id_bb` (`id_bb`),
  ADD KEY `id_nssp` (`id_nssp`),
  ADD KEY `no_akun` (`no_akun`);

--
-- Indeks untuk tabel `migrations`
--
ALTER TABLE `migrations`
  ADD PRIMARY KEY (`id`);

--
-- Indeks untuk tabel `nssp`
--
ALTER TABLE `nssp`
  ADD PRIMARY KEY (`id_nssp`),
  ADD KEY `id_bb` (`id_bb`),
  ADD KEY `no_akun` (`no_akun`);

--
-- Indeks untuk tabel `posting`
--
ALTER TABLE `posting`
  ADD PRIMARY KEY (`id_posting`),
  ADD KEY `id_jurnal` (`id_jurnal`),
  ADD KEY `id_bb` (`id_bb`);

--
-- Indeks untuk tabel `role`
--
ALTER TABLE `role`
  ADD PRIMARY KEY (`id`);

--
-- Indeks untuk tabel `transaksi`
--
ALTER TABLE `transaksi`
  ADD PRIMARY KEY (`id_transaksi`),
  ADD KEY `id_user` (`id_user`);

--
-- Indeks untuk tabel `users`
--
ALTER TABLE `users`
  ADD PRIMARY KEY (`id`),
  ADD UNIQUE KEY `users_username_unique` (`username`),
  ADD KEY `id_role` (`id_role`);

--
-- AUTO_INCREMENT untuk tabel yang dibuang
--

--
-- AUTO_INCREMENT untuk tabel `akun`
--
ALTER TABLE `akun`
  MODIFY `id` bigint(20) UNSIGNED NOT NULL AUTO_INCREMENT, AUTO_INCREMENT=36;

--
-- AUTO_INCREMENT untuk tabel `akun_jurnal_penyesuaian`
--
ALTER TABLE `akun_jurnal_penyesuaian`
  MODIFY `id` bigint(20) NOT NULL AUTO_INCREMENT, AUTO_INCREMENT=55;

--
-- AUTO_INCREMENT untuk tabel `akun_jurnal_umum`
--
ALTER TABLE `akun_jurnal_umum`
  MODIFY `id` bigint(20) NOT NULL AUTO_INCREMENT, AUTO_INCREMENT=175;

--
-- AUTO_INCREMENT untuk tabel `buku_besar`
--
ALTER TABLE `buku_besar`
  MODIFY `id_bb` bigint(20) NOT NULL AUTO_INCREMENT, AUTO_INCREMENT=153;

--
-- AUTO_INCREMENT untuk tabel `gol_akun`
--
ALTER TABLE `gol_akun`
  MODIFY `id` bigint(20) UNSIGNED NOT NULL AUTO_INCREMENT, AUTO_INCREMENT=9;

--
-- AUTO_INCREMENT untuk tabel `jurnal_penyesuaian`
--
ALTER TABLE `jurnal_penyesuaian`
  MODIFY `id` bigint(20) NOT NULL AUTO_INCREMENT, AUTO_INCREMENT=24;

--
-- AUTO_INCREMENT untuk tabel `jurnal_umum`
--
ALTER TABLE `jurnal_umum`
  MODIFY `id` bigint(20) NOT NULL AUTO_INCREMENT, AUTO_INCREMENT=37;

--
-- AUTO_INCREMENT untuk tabel `migrations`
--
ALTER TABLE `migrations`
  MODIFY `id` int(10) UNSIGNED NOT NULL AUTO_INCREMENT, AUTO_INCREMENT=8;

--
-- AUTO_INCREMENT untuk tabel `role`
--
ALTER TABLE `role`
  MODIFY `id` bigint(20) UNSIGNED NOT NULL AUTO_INCREMENT, AUTO_INCREMENT=5;

--
-- AUTO_INCREMENT untuk tabel `transaksi`
--
ALTER TABLE `transaksi`
  MODIFY `id_transaksi` bigint(20) NOT NULL AUTO_INCREMENT, AUTO_INCREMENT=60;

--
-- AUTO_INCREMENT untuk tabel `users`
--
ALTER TABLE `users`
  MODIFY `id` bigint(20) UNSIGNED NOT NULL AUTO_INCREMENT, AUTO_INCREMENT=11;
COMMIT;

/*!40101 SET CHARACTER_SET_CLIENT=@OLD_CHARACTER_SET_CLIENT */;
/*!40101 SET CHARACTER_SET_RESULTS=@OLD_CHARACTER_SET_RESULTS */;
/*!40101 SET COLLATION_CONNECTION=@OLD_COLLATION_CONNECTION */;
